jobtypeid,jobtype_name
2825580530,Commercial-Warranty
2202025922,Door Install Warranty - Signature
406223187,Maintenance-Worry Free Tune Up PREMIER
2840085785,Gate Quote
1660493506,Water Treatment Install - Level 1
1661053630,Water Treatment Install - RO System
1661055509,Water Treatment Install - Level 2
48215010,Service-Site Check
642902822,Install Site Check
2825568612,Commercial-Afterhours Emergency
87674092,Install-Paint Job
98452841,Operational-Customer Call-Service
46038191,Sales-Door Sale Follow Up
87504269,Operational- Door Phone Quote
1416463,Home Depot Door Drop Off
1416461,Home Depot Door Site Check
1416464,Home Depot Genie Install
1416462,Home Depot Door Install
1416465,Home Depot Genie Site Check
82052613,zzzP1 Dispatch Priority 1
75341772,zzzP4 Quality Check
500126732,Inventory
500126738,Ankmar
84472135,zzzP3 Storage Quote
85325449,Eddie
500546130,Rescheduled
75869413,zzzRemote/Minor Issues
500126733,Office Time
653731505,Trailer Repair
500126737,Randy Off
652601309,Door Sale Follow up (Over the phone)
86371518,zzzP4 Prop Mgmt/Realestate
99946416,P6 Tech Home
87256918,zzzP2 Technician Generated
652601317,Opener ??
80482711,P4 A1 Membership Parts
85330076,Jared
652601308,Door Sale Follow up (Face to Face) 
82050879,zzzP3 Dispatch Priority 3
73488942,P5 Not booked (Cancelled during booking)
500126736,Rick Off
500126742,In the Field
652601301,Check-A-Pro Customer 
500546146,Truck Check
500546147,Home Depot Service Call
500126727,Recall Install Job
86513069,zzzP4 Mountain Vistas Communities
500126741,Stock Truck
652601303,Crashed Door 
500126744,Technician Overlook
652601305,Door ?? 
500126731,Mandatory Meeting
81981933,zzzP2 Spring Job (Quoted)
500126740,Personal Appointment
652601323,Remove DD 
500546126,Miscellaneous
500126739,Interview
652601313,LM Vendor Warranty Req
78339488,zzzP4 Americas 1st Choice Home Warranty
72654967,Parts only
43776874,P5 Tech House
67161892,zzzP4 Door Tech
500546125,Site CheckðŸ”ðŸ”®
500126735,Joe Off
302586536,OMA Door Install
500546132,Amarr InstallðŸ 
500546141,Home Depot Delivery ðŸš›
653731477,Section Replacement
500546133,Amarr Delivery ðŸšš
500546129,RecallðŸ’©
500546143,Lowes Site Check ðŸ”®
500546145,Lowes Install ðŸ 
653731367,Door Replacement
500126721,Standard Door Install
500546139,Home Depot Install ðŸ¡
500546124,Home WarrantyðŸ’°
500546144,Lowes Delivery ðŸšš
500546127,Emergency Call ðŸš‘ â™¿
500546136,One Piece Install ðŸ ðŸ› 
653731352,Door and Opener Replacement
653731366,Door Install
500546128,Estimate ðŸ”®
500546131,Amarr Site CheckðŸ”®
653731405,Inspection
500546137,2-Day Custom InstallðŸ’ªðŸ’ªðŸ’ªðŸ’ª
500546138,Pick up CheckðŸ’°ðŸ’³ðŸ’¸
653731487,Service Job
593677418,Premier Services Division-Return Service
500546142,Follow up Call
653731467,Return Service Job
653731380,Door Tune Up
500546134,Warranty WorkðŸ’©
500126726,Recall Service job
500546140,Home Depot Site Check ðŸ”®
500546135,All Day Install ðŸ’ª
287875742,Floor-Install
257702805,CCS Improvements
171986651,Tricon American Homes
1753125,Service-Groupon
188526265,F&F100 job
593658545,Premier Services Division-Afterhours Emergency Service
359177752,Sales-Door Quote Friends/Family
593664619,Premier Services Division-Car Stuck/Door Offtrack Service
652601320,Premier Service Division -Sales
652601321,Premier Service Division -Service
66292351,Service-Friends/Family
559961224,INSTALLATION 830
1416440,VOID
559961175,ABC KEY UNDER MATT
559961210,CUSTOMER WILL PICK UP
559961235,JOE CALL
559961260,SERVICE CALL AFTER 230
433659896,S&S-Stars & Stripes Homes DTC
8000015,Warranty-IMP
653731483,Section Replacement (9H)
559961182,ABC PREMIER INSTALLATION
653731363,Door and Opener Replacement (7H)
559961239,MAN DOOR IS UNLOCKED
653731418,Not Working (2H)
433659881,RHS-Rehang Section
653731435,Opener - Repair (1H)
653731472,Roller Special (3H)
559961196,ABC SERVICE DOOR STUCK OPEN
559961271,SERVICE CALL PM
433659919,TC-Charge To Get Truck To Home
433659909,ARM-Armour Roofing & Exteriors
653731377,Door Replacement (7H)
653731461,Recall/Warranty (3H)
559961193,ABC SERVICE CALL
559961194,ABC SERVICE CALL A/M
653731436,Opener - Repair (2H)
8000006,Service Call-IMP
559961202,BUD OFF
559961185,ABC PREMIER JOB AM
653731351,Delivery - Wholesale (2H)
8000012,Old Republic Home Warranty-IMP
653731419,Not Working (3H)
559961217,GARY CALL BACK
154367796,Imported Default JobType
559961248,"SALES,SEERVICE,NETWORKING"
653731491,Service/Noisy/Tune up (3H)
559961187,ABC PREMIER JOB CALL 1HR BEFORE
1416450,Parts Pick up
559961253,SERVICE CALL AFTER 10
1416448,Old Republic
433659884,210-2 10 Home Buyers Warranty
559961265,SERVICE CALL DOOR IN MANUAL
653731341,Bottom Rubber (3H)
653731495,Service/Noisy/Tune up (7H)
559961178,ABC PREMIER AFTER 200
433659874,OPI-Opener Install
653731379,Door Replacement (9H)
653731438,Opener - Repair (4H)
559961176,ABC PREMIER 830
8000044,Home Depot Sales Lead-IMP
653731359,Door and Opener Replacement (3H)
433659899,SPS-Internet Spring Special $324+
559961252,SERVICE CALL 830
433659879,FAHW-First American Home Warrranty
559961183,ABC PREMIER JOB
433659913,HL-High Lift Installation
433659877,DQ-Door Quote
433659918,DF-Dispatch Fee
559961242,PICK UP ORDER
559961277,SMALL DOOR IN MANUAL
653731439,Opener - Repair (5H)
559961261,SERVICE CALL AFTER 300
653731474,Roller(s) Out (1H)
653731400,Hit Door (6H)
2306713,IMP-Epoxy Estimate
433659882,SEV-Section Evaluation
653731430,Opener - New (5H)
433659915,MB-Matt Buerger Property
559961177,ABC PREMIER AFTER 10
1416453,ESC Orders
653731340,Bottom Rubber (2H)
433659916,BRHW-Blue Ribbon Home Warranty
559961234,JASON CALL BACK
2306688,IMP-Springs
433659904,SH-Shield Construction Jobs
433659890,SEN-Sensible Home Warranty
653731510,Trim (6H)
433659905,US-US Legacy Development
8000028,Parts Pick up-IMP
653731508,Trim (2H)
559961192,ABC SERVICE 830
653731471,Roller Special (2H)
653731428,Opener - New (3H)
653731466,Remote/Keypad (2H)
559961247,RYAN OFF
653731455,Quote (5H)
8000005,Cancellation-IMP
8000014,Pick Up Door-IMP
653731431,Opener - New (6H)
653731383,Door Won't Close (2H)
2306689,IMP-Cancellation
653731402,Hung Door (1H)
433659878,DI-Door Install
653731391,Door Won't Open (4H)
559961186,ABC PREMIER JOB CALL 1/2 HR
653731453,Quote (3H)
2306686,IMP-Manager Callback
653731507,Trim (1H)
653731361,Door and Opener Replacement (5H)
653731460,Recall/Warranty (2H)
653731372,Door Replacement (2H)
559961184,ABC PREMIER JOB AFTER 200
559961168,A/M SERVICE CALL
653731479,Section Replacement (2H)
653731494,Service/Noisy/Tune up (6H)
559961226,INSTALLATION AFTER 10
8000002,Manager Callback-IMP
433659876,DT-Down Time
653731478,Section Replacement (1H)
559961173,ABC JOB MAN DOOR IS UNLOCKED
653731382,Door Won't Close (1H)
653731454,Quote (4H)
1416442,Springs Quoted
559961280,USE CODE TO OPEN
8000032,Door Quote-IMP
1416446,Door Sale
653731429,Opener - New (4H)
653731364,Door and Opener Replacement (8H)
653731399,Hit Door (5H)
874693,Default Job Type
559961220,IGS ENERGY
433659898,COR-Cornerstone Property Mngt.
1416437,Warranty
8000007,Installation-IMP
559961274,SERVICE CALL USE CODE
8000036,Spring Job NOT Quoted-IMP
653731452,Quote (2H)
1416444,Continue Job
653731515,Walk in - Repeat Customer (0H)
653731470,Roller Special (1H)
559961197,ABC SERVICE TXT ON WAY
559961211,DIAGNOSE PROBLEM
653731437,Opener - Repair (3H)
433659917,4THDIM-4th Dimension Door Quote
2306702,IMP-VOID
433659920,PPR-Perfect Parners Realty WO
559961219,HAS QUESTION
8000039,Home Depot Door Site Check-IMP
559961214,DOOR WILL BE UP
8000037,Value Card-IMP
559961170,ABC JOB CALL 1 HR BEFORE
8000017,General Service/Repair No Quot-IMP
653731501,Spring (5H)
8000024,Door Sale-IMP
559961246,REMOTE ON PORCH
8000022,Continue Job-IMP
653731365,Door and Opener Replacement (9H)
559961201,BACK DOOR UNLOCKED
8000029,Epoxy Estimate-IMP
559961225,INSTALLATION A/M
653731344,Cables (2H)
8000041,Home Depot Door Drop Off-IMP
8000034,Opener Install-IMP
559961269,SERVICE CALL ON WAY
1416439,General Service/Repair No Quot
559961233,"INSTALLATION, DOOR IN MANUAL"
653731369,Door Replacement (11H)
8000026,Old Republic-IMP
8000011,Tune-up-IMP
1416424,Manager Callback
559961264,SERVICE CALL AFTER 900
433659889,AHS-American Home Shield Warranty
653731384,Door Won't Close (3H)
653731398,Hit Door (4H)
2306704,IMP-Springs Quoted
559961174,ABC JOB USE CODE
653731462,Recall/Warranty (4H)
559961169,ABC INSTALLATION
653731347,Cables (7H)
433659875,OPM-Opener Malfunction
8000016,Craigs List Job-IMP
2306700,IMP-Craigs List Job
653731373,Door Replacement (3H)
559961204,CALL 1 HR AHEAD
559961228,INSTALLATION AFTER 11
2306708,IMP-Door Sale
8000009,Springs No Quote-IMP
653731403,Hung Door (2H)
653731358,Door and Opener Replacement (2H)
433659891,RPM-Real Property Management
559961255,SERVICE CALL AFTER 11
653731502,Spring (6H)
559961256,SERVICE CALL AFTER 12
8000019,Warranty Call-IMP
653731420,Not Working (4H)
559961272,SERVICE CALL TXT HER ON WAY
653731354,Door and Opener Replacement (11H)
653731345,Cables (3H)
559961254,SERVICE CALL AFTER 100
559961245,REMOTE IS IN MAILBOX
8000023,Property Management-IMP
653731485,Sensors (1H)
559961266,SERVICE CALL DOOR OPEN
8000003,Home Warranty-IMP
433659873,JKD-Jacked Door
653731451,Quote (1H)
2306709,IMP-Meeting
653731489,Service/Noisy/Tune up (1H)
653731407,Install Customer Supplied Opener (1H)
2306707,IMP-Property Management
1416427,Cancellation
653731444,Quality/Follow-up (0H)
8000018,VOID-IMP
1416432,Spring Job Quoted
559961262,SERVICE CALL AFTER 330
653731355,Door and Opener Replacement (12H)
653731423,Not Working (8H)
653731500,Spring (4H)
433659903,BUY-Buyers Protection Home Warrant
653731427,Opener - New (2H)
653731396,Hit Door (2H)
433659914,ENV-Envirotech Door Quote
559961229,INSTALLATION AFTER 1130
1416438,Craigs List Job
653731389,Door Won't Open (2H)
559961216,FRONT DOOR OPEN
559961250,SERVICE CALL 1200
653731371,Door Replacement (1H)
559961263,SERVICE CALL AFTER 400
8000035,Door Install-IMP
2306690,IMP-Service Call
2306717,IMP-New Door Quote
1416426,Springs
653731412,Insulation Kit (2H)
653731410,Install Customer Supplied Opener (4H)
2306703,IMP-Warranty Call
653731357,Door and Opener Replacement (1H)
8000031,ESC Orders-IMP
2306706,IMP-Continue Job
1416455,New Door Quote
559961179,ABC PREMIER CALL WHEN THERE
653731416,Not Working (10H)
559961200,APPT. FINANCIAL ADVISOR
2306696,IMP-Old Republic Home Warranty
559961257,SERVICE CALL AFTER 1230
653731480,Section Replacement (3H)
559961172,ABC JOB DOOR IN MANUAL
559961268,SERVICE CALL KEY UNDER MAT
559961241,MESSAGE FROM OFFICE
559961267,SERVICE CALL HOUSEKEEPER THERE
559961222,IGS INSTALLATION
559961223,INSTALATION CALL 1/2 HR BEFORE
559961244,PM SERVICE CALL
8000042,Home Depot Genie Install-IMP
653731425,Opener - New (11H)
559961212,DOOR IN MANUAL
559961238,LABOR DAY
974948,Imported JobType
653731348,Cables (9H)
1416447,Meeting
8000033,New Door Quote-IMP
559961243,PM CALL 1/2 HR BEFORE
653731386,Door Won't Close (8H)
1416431,Springs No Quote
559961205,CALL 1/2 HR BEFORE
1416449,General Repair/Service
653731497,Spring (1H)
433659900,WD-Spring Conversion
2306693,IMP-Springs No Quote
559961258,SERVICE CALL AFTER 130
559961249,SERVICE CALL 1/2 HR BEFORE
653731433,Opener - New (8H)
653731397,Hit Door (3H)
653731390,Door Won't Open (3H)
2306699,IMP-Warranty
433659894,CCH-Cross Country Home Warranty
653731388,Door Won't Open (1H)
433659910,SEL-Select Home Warranty
559961273,SERVICE CALL TXT ON WAY
559961209,CHRIS OFF
433659883,PHA-Phantom Operation
1416443,Epoxy Install
1416460,Commercial Hollow Metal Door
653731498,Spring (2H)
653731476,Roller(s) Out (4H)
433659897,BIC-Bichon Building Job
559961279,TXT 1/2 HR. BEFORE
433659872,BKSP-Broken Springs
2306715,IMP-ESC Orders
433659893,VAC-Vacation Or Personal Time Off
559961230,INSTALLATION CALL 1 HR BEFORE
433659886,LAND-Buyers Protection Group Home W
559961236,JOHN CALL BACK
559961237,JOHN OFF
433659906,RP-Regina Padilla/Moore Job
559961240,MEASURE FOR NEW DOOR
559961195,ABC SERVICE CALL PM
653731490,Service/Noisy/Tune up (2H)
559961199,AM SERVICE CALL 1/2 HR BEFORE
2306710,IMP-Old Republic
559961167,2ND DOOR IN MANUAL
653731362,Door and Opener Replacement (6H)
559961206,CALL OR TXT ON WAY
653731404,Hung Door (4H)
653731482,Section Replacement (6H)
433659892,SIC-Off Sick
559961198,AM ABC PREMIER JOB
433659880,WAR-Warranty
559961181,ABC PREMIER DOOR IS UP
653731504,Spring (8H)
653731339,Bottom Rubber (1H)
8000001,General Service/Repair-IMP
433659911,FID-Fidelity National Home Warrant
559961218,GARY OFF
653731499,Spring (3H)
8000025,Meeting-IMP
8000021,Epoxy Install-IMP
559961215,DROP OFF MATERIAL
653731408,Install Customer Supplied Opener (2H)
653731346,Cables (4H)
559961232,INSTALLATION P/M
653731463,Recall/Warranty (6H)
1416430,ESC Orders 2
559961180,ABC PREMIER DOOR IN MANUAL
653731432,Opener - New (7H)
2306705,IMP-Epoxy Install
433659902,FAL-Just A Follow Up
559961251,SERVICE CALL 8 00
653731356,Door and Opener Replacement (13H)
559961191,ABC PREMIER USE LOCK BOX
653731446,Quality/Follow-up (2H)
653731350,Delivery - Wholesale (1H)
559961208,CALL WHEN THERE
2306701,IMP-General Service/Repair No Quot
1416428,Service Call
653731374,Door Replacement (4H)
559961188,ABC PREMIER JOB P/M
1416451,Epoxy Estimate
653731360,Door and Opener Replacement (4H)
433659895,CLE-Clearwater Customer Services
653731445,Quality/Follow-up (1H)
433659908,CHO-Choice Home Warranty
559961190,ABC PREMIER NANNY THERE
653731475,Roller(s) Out (2H)
653731422,Not Working (6H)
653731456,Quote Only
1416441,Warranty Call
653731426,Opener - New (1H)
559961189,ABC PREMIER JOB TXT ON WAY
653731353,Door and Opener Replacement (10H)
653731376,Door Replacement (6H)
653731447,Quality/Follow-up (5H)
2306692,IMP-ESC Orders 2
559961275,SERVICE CALL W/TRIP CHARGE
433659871,SER-Service Call
2306691,IMP-Installation
653731385,Door Won't Close (6H)
433659901,"S&T-Stars & Stripes Homes, INC."
653731421,Not Working (5H)
653731417,Not Working (1H)
653731465,Remote/Keypad (1H)
559961259,SERVICE CALL AFTER 200
653731409,Install Customer Supplied Opener (3H)
559961171,ABC JOB CALL 1/2 HR BEFORE
8000020,Springs Quoted-IMP
653731343,Cables (1H)
8000004,Springs-IMP
8000008,ESC Orders 2-IMP
653731392,Door Won't Open (5H)
559961231,INSTALLATION CALL ON WAY
433659888,NAT-Nationwide Home Warranty
653731493,Service/Noisy/Tune up (5H)
653731375,Door Replacement (5H)
559961213,DOOR REPAIR
653731492,Service/Noisy/Tune up (4H)
8000027,Repair / Service Call-IMP
8000040,Home Depot Door Install-IMP
653731370,Door Replacement (12H)
653731509,Trim (3H)
653731368,Door Replacement (10H)
8000010,Spring Job Quoted-IMP
8000043,Home Depot Genie Site Check-IMP
8000038,Commercial Hollow Metal Door-IMP
433659907,WIN-The Windsor Apartments & TH.
559961227,INSTALLATION AFTER 100
8000013,Free Estimate-IMP
559961221,IGS ENERGY SERVICE CALL
653731378,Door Replacement (8H)
8000045,Commercial Job-IMP
559961278,TXT 1/2 HR BEFORE
433659885,AHW-Alliance Home Warranty
1416436,Pick Up Door
1416429,Installation
1416445,Property Management
653731481,Section Replacement (4H)
653731440,Opener - Repair (6H)
8000030,Call Back (Potential Warranty)-IMP
433659912,PAR-ParkSide Realty & Management
653731459,Recall/Warranty (1H)
433659887,BLU-Blue Ribbon Home Warranty
653731486,Sensors (2H)
653731503,Spring (7H)
559961270,SERVICE CALL P/M CALL1 HR AHEAD
559961207,CALL P/M CALL 1/2 HR BEFORE
559961281,USE LOCKBOX
559961203,BUDS CALL BACK
559961276,SIDE DOOR IS UNLOCKED
653731395,Hit Door (1H)
2306722,IMP-Commercial Hollow Metal Door
1416435,Free Estimate
44893667,zzzP4 Cinch Home Warranty
653731415,Not Working
653731473,Roller(s) Out
488889620,Service-Door Stuck Open
47936210,zzzP4 Fidelity Home Warranty
653731506,Trim
653731393,Emergency Service Job
44893842,zzzP4 2-10 Home Warranty
653731512,Tune-up LT50
45307714,zzzP4 Total Home Protection
653731342,Cables
653731401,Hung Door
1416458,zzzP1 Spring Job
45121080,zzzP4 SMS Home Warranty
1416456,zzzP2 New Opener Job
45128601,zzzP4 Landmark Home Warranty
653731469,Roller Special - $149.95
653731338,Bottom Rubber
1752349,zzzP1 Emergency (Crashed/Hung Door)
46428415,zzzP4 American Home Shield
79125635,zzzP2 Angie's List
1416433,zzzP2 Tune-up
1416425,zzzP4 Home Warranty
1752993,P2 Membership Customer
653731468,Roller Special - $129.95
45116447,zzzP4 First American Home Buyers
653731394,Hit Door
45124073,zzzP4 Secure Home Warranty
45129067,zzzP4 The Warranty Group/American Residential
653731434,Opener - Repair
653731511,Tune-up $79.95
653731406,Install Customer Supplied Opener
653731488,Service/Noisy/Tune up
44893547,zzzP4 Choice Home Warranty
653731496,Spring
1416466,Home Depot Sales Lead
652601310,Emergency Service --DOT--
45124504,zzzP4 Select Home Warranty
1416423,zzzP2 General Service/Repair
653731448,Quote - In Office
653731464,Remote/Keypad
46424271,Home Service Club Job
1416434,zzzP4 Old Republic Home Warranty
653731449,Quote - On Site Door Quote
44820236,zzzP4 American Home Guardian
1752350,zzzP1 Emergency (Car Stuck)
1416454,zzzP3 Door Quote
653731381,Door Won't Close
1416467,zzzP2 Commercial Job
653731450,Quote - On Site Service Quote
1752992,zzzP2 Opener Issues
653731424,Opener - New
653731411,Insulation Kit
653731484,Sensors
653731387,Door Won't Open
652601327,Service-Door Stuck/Door Offtrack
653731414,Maintenance-Authentic Total Care Club Tune Up
652601304,D2D-Door Quote
128183668,Door Quote-Custom
593671930,Premier Services Division-Recall Service
128185725,Service-Car Stuck/Door Offtrack
128205591,Service-General
287877417,Floor-Quote
653731443,Quality/Follow-up
488910109,Service-Door Stuck Closed
653731458,Recall/Warranty
262020675,Home Show Service Job
128203423,Sales-Door Quote
111310254,Service-Fire
1416459,Service-iTrade
484024015,Service-RV Door
262010477,Home Show Door Quote
652601314,Maintenance-Worry Free Tune-up
652601324,Renter
652601306,Door off tracks
652601318,Opener Problem
652601307,Door Problem
652601302,Crash Door
652601328,Spring Job
652601312,High Lift
652601311,Estimate for Door
652601316,New Opener
652601315,New Door
652601322,Radio Spot Inspection
652601329,UltraLife 
652601300,Annual Maintenance (Metal)
652601330,Wood Overlay
652601325,Service
652601299,??Warranty??
2306698,IMP-Pick Up Door
2306724,IMP-Home Depot Door Install
2306714,IMP-Call Back (Potential Warranty)
2306726,IMP-Home Depot Genie Install
500126729,P6-Vehicle Inspection
2306687,IMP-Home Warranty
2306685,IMP-General Service/Repair
2306720,IMP-Spring Job NOT Quoted
20001234,TRAINING
500126724,Service Request
2306711,IMP-Repair / Service Call
2306729,IMP-Commercial Job
500126723,Door Quote-Standard
2306725,IMP-Home Depot Door Drop Off
500126725,Emergency Service (Car Stuck/Door Offtrack)
2306697,IMP-Free Estimate
2306718,IMP-Opener Install
500126722,Advanced Door Install
500126730,P6-Vehicle Maintenance
2306728,IMP-Home Depot Sales Lead
2306712,IMP-Parts Pick up
500126743,Part Pickup
2306716,IMP-Door Quote
2306719,IMP-Door Install
500126728,P6-Customer Call Job
2306721,IMP-Value Card
2306695,IMP-Tune-up
2306694,IMP-Spring Job Quoted
2306727,IMP-Home Depot Genie Site Check
2306723,IMP-Home Depot Door Site Check
652601326,Service-After Hours Emergency 
65030090,zzzP3 Custom Garage Door Quote
113633060,P4 A1 Annual Tune Up 3D
113632056,P4 A1 Annual Tune Up 4D
113633057,P4 A1 Annual Tune Up 2D
125181661,zzzP4 Handy Technologies
98154291,zzzP4 Amazon Home Services
50228222,SMS Other
369951386,Safety Inspection Test (Unique name issue)
653731457,Recall Job
365443393,Operational-Accounting Question
653731442,Phone Call to Customer
653731514,Walk In - Repeat Customer
653731441,Paint
97991375,Concierge Door Installs
653731413,Invoice Only
259890779,ISS Quote
652601319,Operational-Door Phone Quote
653731513,Walk In - New Customer
334059296,Commercial Site Check
653731349,Delivery - Wholesale
111309680,P6 Bruce Customer Call
46057842,zzzP5 Additional Work-2 Ticket
177784990,P6 Inventory Question
101945076,P6 A1 Vehicle Maintenance 
118938912,zzzP4 Windamere Construction
98777143,P6 Parts PO Pickup
279139276,Sam's Club
264998620,P6 Tina Door Question
263728904,D2D Mini-Inspection
1720464544,Cable Job Commercial
1720464558,Opener Repair Commercial
1720464543,Cable Job
1720464553,Follow-up Commerical
1720464562,Warehouse
1720464556,New Opener Commercial
1720464546,Crashed/Hung Door Commerical
1720464559,Place Order
1720464548,Door Install Commercial
1720464551,Estimate Commercial
1720464560,Spring Repair Commercial
1720464554,Inspection Commerical
1720464552,Follow-Up
1720464550,Door Tune Up Commerical
1720464545,Crashed/Hung Door
1720464557,Opener Repair
1720464555,Misc
1720464561,Vendor-Materials Pick-up
1720464547,Custom Door Quote
1720464549,Door Repair Commercial
828617082,AGD-Service-More than 8 yrs 1 Door
828585165,AGD-Sales-Quote-8 yrs or less 1 Door
828604263,AGD-Sales-Quote-More than 8 yrs 1 Door
828611460,AGD-Sales-Quote-More than 8 yrs 2+ Doors
828621826,AGD-Service-More than 8 yrs 2+ Doors
828617050,AGD-Service-8 yrs or less 2+ Doors
828618933,AGD-Service-8 yrs or less 1 Door
828594062,AGD-Sales-Quote-8 yrs or less 2+ Doors
641340554,Storage Solutions- Install
277965731,Install-Door48
1661155364,Water Treatment Installation
641339405,Storage Solutions- Quote
179785115,D2D Service
179768258,D2D Door Quote
99314987,Operational-Vehicle Inspection 
98455673,Operational-Customer Call-Door
500126734,Sales Training
634402985,Virtual Warranty
634401183,Virtual Recall
623563908,Virtual Support
44825477,Operational-Office Sale
83787142,Maintenance-Worry Free Tune Up
122056338,Install-Premium
184302960,Install-New Construction
369858201,Maintenance-Safety Inspection
111208245,Install-Return Service
185736497,Install-Warranty
82031002,Install-Recall
2825591576,Commercial-Quote
309184837,Service-Return
104159993,Install-Advanced
1416457,Install-Standard
1416452,Service-Recall
677854800,Sales-Quote-More than 8 yrs 2+ Doors
400510699,Torch Team Quote
677859588,Sales-Quote-8 yrs or less 2+ Doors
677858502,Service-8 yrs or less 1 Door
677860192,Sales-Quote-More than 8 yrs 1 Door
677866127,Service-More than 8 yrs 1 door
677867201,Service-8 yrs or less 2+ Doors
677851333,Sales-Quote- 8 yrs or less 1 Door
677861965,Service-More than 8 yrs 2+ Doors
483921060,Service-Afterhours Emergency
2868746583,SCORG
2868746582,SCFLR
2868746581,SCDOOR
2868746523,Broken Spring
2868746576,ORG INSTALL
2868746532,C-GIVE AFFILIATE
2868746584,SERVICE INSTALL
2868746550,GIVE WARRANTY
2868746587,TRAILER DROP OFF
2868746564,MR-SCORG
2868746580,R-ORG
2868746559,MR-INSD
2868746567,MR-TRLP
2868746588,TRAILER PICK UP
2868746531,C-GATE SERVICE
2868746533,C-GIVE CHARITY
2868746579,R-INSCP
2868746551,Half Day Install
2868746525,C-DOOR INSTALL
2868746586,Site CK
2868746530,C-GATE INSTALL
2868746573,MZ-TM
2868746572,MZ-OFF
2868746561,MR-ORG
2868746541,FLOOR ESTIMATE
2868746539,DOOR ESTIMATE
2868746529,C-FLOOR INSTALL
2868746565,MR-SERV
2868746569,MR-WARR
2868746570,MZ-AFF
2868746528,C-FLOOR ESTIMATE
2825573052,Flooring Install
2868746575,ORG ESTIMATE
2868746535,C-GIVE WARRANTY
2868746546,GIVE AFFILIATE
2868746543,FLOOR WARRANTY
2868746595,Z-Job
2868746563,MR-SCFLR
2868746537,C-SERVICE INSTALL
2868746557,MR-FLR
2868746585,SERVICE WARRANTY
2868746542,FLOOR INSTALL
2868746545,GATE WARRANTY
2868746562,MR-SC
2868746577,ORG WARRANTY
2825585093,Gate Install
2868746534,C-GIVE OWNER/FRIEND
2868746571,MZ-FF
2868746578,R-HILF
2868746526,C-EMER SERVICE
2825547140,Commercial-Door Install
2868746560,MR-MAM
2868746548,GIVE OWNER/FRIEND
2868746555,M-IWARR
2868746558,MR-INE
2868746527,C-ESTIMATE
2868746552,INSTALL WARRANTY
2868746538,C-WARRANTY
2868746556,MR-CINS
2868746524,C-COLD CALL REFERRAL
2868746544,Full Day Install
2868746574,MZ-WARR
2868746566,MR-TRLD
2868746549,GIVE TEAM MEMBER
2868746568,MR-TUN
2868746589,TUNE UP
2868746547,GIVE CHARITY
2868746540,EMER SERVICE
2868746536,C-SERVICE
2868746594,Welborn Service & Repair
2868746554,Milestone Garage Service & Repair
2868746590,Welborn Commercial Estimate
2868746553,Milestone Garage Emergency Service
2868746593,Welborn Residential Emergency Service
2868746591,Welborn Commercial Service
2868746592,Welborn Gate
2885537859,Flooring Quote-Comm
2885538980,Install Gate-Recall
2825548019,Flooring Quote-Res
2825577557,Gate Service-Res
2885543779,Gate Service-Comm
2322918823,Premier-Return
364348317,Premier-Service
364335837,Premier-Sales
593673380,Premier-Site Check
2375287114,Inside Support Quote
2825575864,Commercial-Service/Repair
